1,0.0020004,1214.01999999999,0,False,Started RandomFastSolver
2,0.075017,127.661756827083,1531610009.1,False,Ended RandomFastSolver
